{
  "id": "4358518",
  "name": "图像",
  "font_family": "iconfont",
  "css_prefix_text": "icon-",
  "description": "",
  "glyphs": [
    {
      "icon_id": "1160237",
      "name": "time",
      "font_class": "time",
      "unicode": "e6aa",
      "unicode_decimal": 59050
    },
    {
      "icon_id": "1727522",
      "name": "错误",
      "font_class": "cuowuguanbiquxiao-xianxingyuankuang",
      "unicode": "e8e7",
      "unicode_decimal": 59623
    },
    {
      "icon_id": "34453065",
      "name": "success",
      "font_class": "success",
      "unicode": "e843",
      "unicode_decimal": 59459
    },
    {
      "icon_id": "38457579",
      "name": "无分析结果",
      "font_class": "wufenxijieguo",
      "unicode": "e611",
      "unicode_decimal": 58897
    },
    {
      "icon_id": "38457578",
      "name": "处理分析",
      "font_class": "chulifenxi1",
      "unicode": "e612",
      "unicode_decimal": 58898
    },
    {
      "icon_id": "15838429",
      "name": "arrow-down",
      "font_class": "arrow-down",
      "unicode": "e665",
      "unicode_decimal": 58981
    },
    {
      "icon_id": "11882904",
      "name": "bg-forward",
      "font_class": "bg-forward",
      "unicode": "e645",
      "unicode_decimal": 58949
    },
    {
      "icon_id": "11882873",
      "name": "bg-backward",
      "font_class": "bg-backward",
      "unicode": "e640",
      "unicode_decimal": 58944
    },
    {
      "icon_id": "38419935",
      "name": "缩小",
      "font_class": "suoxiao",
      "unicode": "e60f",
      "unicode_decimal": 58895
    },
    {
      "icon_id": "38419937",
      "name": "矩形",
      "font_class": "juxing",
      "unicode": "e610",
      "unicode_decimal": 58896
    },
    {
      "icon_id": "38419939",
      "name": "配准方式",
      "font_class": "peizhunfangshi",
      "unicode": "e602",
      "unicode_decimal": 58882
    },
    {
      "icon_id": "38419943",
      "name": "坐标轴",
      "font_class": "zuobiaozhou",
      "unicode": "e603",
      "unicode_decimal": 58883
    },
    {
      "icon_id": "38419936",
      "name": "放大",
      "font_class": "fangda",
      "unicode": "e604",
      "unicode_decimal": 58884
    },
    {
      "icon_id": "38419944",
      "name": "拖动",
      "font_class": "tuodong",
      "unicode": "e605",
      "unicode_decimal": 58885
    },
    {
      "icon_id": "38419933",
      "name": "固定图像",
      "font_class": "gudingtuxiang",
      "unicode": "e606",
      "unicode_decimal": 58886
    },
    {
      "icon_id": "38419942",
      "name": "多边形",
      "font_class": "duobianxing",
      "unicode": "e607",
      "unicode_decimal": 58887
    },
    {
      "icon_id": "38419941",
      "name": "处理分析",
      "font_class": "chulifenxi",
      "unicode": "e608",
      "unicode_decimal": 58888
    },
    {
      "icon_id": "38419940",
      "name": "导入",
      "font_class": "daoru",
      "unicode": "e609",
      "unicode_decimal": 58889
    },
    {
      "icon_id": "38419938",
      "name": "退出",
      "font_class": "tuichu",
      "unicode": "e60a",
      "unicode_decimal": 58890
    },
    {
      "icon_id": "38419934",
      "name": "删除",
      "font_class": "shanchu",
      "unicode": "e60b",
      "unicode_decimal": 58891
    },
    {
      "icon_id": "38419931",
      "name": "浮动图像",
      "font_class": "fudongtuxiang",
      "unicode": "e60c",
      "unicode_decimal": 58892
    },
    {
      "icon_id": "38419930",
      "name": "结果保存",
      "font_class": "jieguobaocun",
      "unicode": "e60d",
      "unicode_decimal": 58893
    },
    {
      "icon_id": "38419932",
      "name": "加号",
      "font_class": "jiahao",
      "unicode": "e60e",
      "unicode_decimal": 58894
    },
    {
      "icon_id": "630094",
      "name": "向右箭头",
      "font_class": "xiangyoujiantou",
      "unicode": "e65f",
      "unicode_decimal": 58975
    },
    {
      "icon_id": "630095",
      "name": "向左箭头",
      "font_class": "xiangzuojiantou",
      "unicode": "e660",
      "unicode_decimal": 58976
    }
  ]
}
